<xml xmlns:o="urn:schemas-microsoft-com:office:office">
 <o:MainFile HRef="../raisul_clb.htm"/>
 <o:File HRef="item0001.xml"/>
 <o:File HRef="props002.xml"/>
 <o:File HRef="themedata.thmx"/>
 <o:File HRef="colorschememapping.xml"/>
 <o:File HRef="image001.png"/>
 <o:File HRef="image002.png"/>
 <o:File HRef="image003.png"/>
 <o:File HRef="image004.png"/>
 <o:File HRef="image005.png"/>
 <o:File HRef="image006.png"/>
 <o:File HRef="image007.png"/>
 <o:File HRef="image008.png"/>
 <o:File HRef="image009.png"/>
 <o:File HRef="image010.jpg"/>
 <o:File HRef="image011.png"/>
 <o:File HRef="image012.jpg"/>
 <o:File HRef="image013.png"/>
 <o:File HRef="image014.png"/>
 <o:File HRef="image015.png"/>
 <o:File HRef="image016.jpg"/>
 <o:File HRef="image017.png"/>
 <o:File HRef="image018.png"/>
 <o:File HRef="image019.png"/>
 <o:File HRef="image020.jpg"/>
 <o:File HRef="image021.png"/>
 <o:File HRef="image022.png"/>
 <o:File HRef="image023.png"/>
 <o:File HRef="image024.png"/>
 <o:File HRef="image025.png"/>
 <o:File HRef="image026.jpg"/>
 <o:File HRef="image027.png"/>
 <o:File HRef="image028.png"/>
 <o:File HRef="image029.png"/>
 <o:File HRef="image030.png"/>
 <o:File HRef="image031.png"/>
 <o:File HRef="image032.jpg"/>
 <o:File HRef="image033.png"/>
 <o:File HRef="image034.jpg"/>
 <o:File HRef="image035.png"/>
 <o:File HRef="image036.jpg"/>
 <o:File HRef="image037.png"/>
 <o:File HRef="image038.png"/>
 <o:File HRef="image039.png"/>
 <o:File HRef="image040.png"/>
 <o:File HRef="image041.png"/>
 <o:File HRef="image042.jpg"/>
 <o:File HRef="image043.png"/>
 <o:File HRef="image044.jpg"/>
 <o:File HRef="image045.png"/>
 <o:File HRef="image046.jpg"/>
 <o:File HRef="image047.png"/>
 <o:File HRef="image048.png"/>
 <o:File HRef="image049.png"/>
 <o:File HRef="image050.png"/>
 <o:File HRef="image051.png"/>
 <o:File HRef="image052.png"/>
 <o:File HRef="image053.png"/>
 <o:File HRef="image054.png"/>
 <o:File HRef="image055.png"/>
 <o:File HRef="image056.png"/>
 <o:File HRef="image057.png"/>
 <o:File HRef="image058.png"/>
 <o:File HRef="image059.png"/>
 <o:File HRef="image060.png"/>
 <o:File HRef="image061.png"/>
 <o:File HRef="image062.png"/>
 <o:File HRef="image063.png"/>
 <o:File HRef="image064.png"/>
 <o:File HRef="image065.png"/>
 <o:File HRef="image066.png"/>
 <o:File HRef="image067.png"/>
 <o:File HRef="image068.jpg"/>
 <o:File HRef="image069.png"/>
 <o:File HRef="image070.jpg"/>
 <o:File HRef="image071.png"/>
 <o:File HRef="image072.png"/>
 <o:File HRef="image073.png"/>
 <o:File HRef="image074.png"/>
 <o:File HRef="image075.jpg"/>
 <o:File HRef="image076.png"/>
 <o:File HRef="image077.jpg"/>
 <o:File HRef="image078.png"/>
 <o:File HRef="image079.png"/>
 <o:File HRef="image080.jpg"/>
 <o:File HRef="image081.png"/>
 <o:File HRef="image082.png"/>
 <o:File HRef="image083.png"/>
 <o:File HRef="image084.jpg"/>
 <o:File HRef="image085.png"/>
 <o:File HRef="image086.jpg"/>
 <o:File HRef="image087.png"/>
 <o:File HRef="image088.jpg"/>
 <o:File HRef="image089.png"/>
 <o:File HRef="image090.png"/>
 <o:File HRef="image091.jpg"/>
 <o:File HRef="image092.png"/>
 <o:File HRef="image093.jpg"/>
 <o:File HRef="image094.png"/>
 <o:File HRef="image095.jpg"/>
 <o:File HRef="image096.png"/>
 <o:File HRef="image097.png"/>
 <o:File HRef="image098.png"/>
 <o:File HRef="image099.png"/>
 <o:File HRef="image100.png"/>
 <o:File HRef="image101.png"/>
 <o:File HRef="image102.png"/>
 <o:File HRef="image103.png"/>
 <o:File HRef="image104.png"/>
 <o:File HRef="image105.png"/>
 <o:File HRef="image106.png"/>
 <o:File HRef="image107.png"/>
 <o:File HRef="image108.png"/>
 <o:File HRef="image109.png"/>
 <o:File HRef="image110.png"/>
 <o:File HRef="image111.png"/>
 <o:File HRef="image112.png"/>
 <o:File HRef="image113.png"/>
 <o:File HRef="image114.png"/>
 <o:File HRef="image115.png"/>
 <o:File HRef="image116.png"/>
 <o:File HRef="image117.png"/>
 <o:File HRef="image118.png"/>
 <o:File HRef="image119.png"/>
 <o:File HRef="image120.png"/>
 <o:File HRef="image121.png"/>
 <o:File HRef="image122.png"/>
 <o:File HRef="image123.png"/>
 <o:File HRef="image124.png"/>
 <o:File HRef="image125.png"/>
 <o:File HRef="image126.png"/>
 <o:File HRef="image127.png"/>
 <o:File HRef="image128.png"/>
 <o:File HRef="image129.png"/>
 <o:File HRef="image130.png"/>
 <o:File HRef="image131.png"/>
 <o:File HRef="image132.png"/>
 <o:File HRef="image133.png"/>
 <o:File HRef="image134.png"/>
 <o:File HRef="image135.png"/>
 <o:File HRef="image136.png"/>
 <o:File HRef="image137.png"/>
 <o:File HRef="image138.png"/>
 <o:File HRef="image139.png"/>
 <o:File HRef="image140.png"/>
 <o:File HRef="image141.png"/>
 <o:File HRef="image142.png"/>
 <o:File HRef="image143.png"/>
 <o:File HRef="image144.png"/>
 <o:File HRef="image145.png"/>
 <o:File HRef="image146.png"/>
 <o:File HRef="image147.png"/>
 <o:File HRef="image148.png"/>
 <o:File HRef="image149.png"/>
 <o:File HRef="image150.png"/>
 <o:File HRef="image151.png"/>
 <o:File HRef="image152.png"/>
 <o:File HRef="image153.jpg"/>
 <o:File HRef="image154.png"/>
 <o:File HRef="image155.jpg"/>
 <o:File HRef="image156.png"/>
 <o:File HRef="image157.jpg"/>
 <o:File HRef="image158.png"/>
 <o:File HRef="image159.jpg"/>
 <o:File HRef="image160.png"/>
 <o:File HRef="filelist.xml"/>
</xml>